ProjectID,ProjectName,Location,StartDate,EndDate,Budget,Branch,ContactEmail,ContactPhone
1,Smart City Project,Mumbai,2021-01-10,2023-06-15,500000000,Mumbai Branch,contact@ltconstruction.com,+912345678900
2,River Bridge Construction,Delhi,2020-05-01,2022-11-30,300000000,Delhi Branch,delhi@ltconstruction.com,+911234567890
3,Highway Expansion Project,Bangalore,2022-03-15,2024-12-20,700000000,Bangalore Branch,bangalore@ltconstruction.com,+918765432100
4,Residential Complex,Hyderabad,2023-02-01,2025-05-30,250000000,Hyderabad Branch,hyderabad@ltconstruction.com,+919876543210
5,Airport Renovation,Chennai,2019-06-10,2021-12-15,400000000,Chennai Branch,chennai@ltconstruction.com,+914567890123
6,Power Plant Construction,Pune,2020-08-20,2023-03-01,800000000,Pune Branch,pune@ltconstruction.com,+912345678901
7,Urban Metro Project,Ahmedabad,2021-07-15,2024-09-30,600000000,Ahmedabad Branch,ahmedabad@ltconstruction.com,+917654321098
8,Industrial Facility Construction,Surat,2022-01-05,2025-01-15,900000000,Surat Branch,surat@ltconstruction.com,+913456789012
